Controller,Avg Reward,Avg Cost,Avg Energy Bought,Avg Energy Sold,Avg Battery SoC
Rule-Based,-18.35020142466124,18.35020142466124,1122.386922645359,843.6263945245167,3.0911329
Forecast,-21.92418146705864,21.92418146705864,1133.6937359541819,837.373650269381,1.265679
Q-Learning,-13.374628409027823,13.374628409027823,1122.872797023957,882.1715620231638,2.51536
Monte-Carlo,-14.554890411295046,14.554890411295046,1136.3105669719191,869.5041436673049,5.2775254
SARSA,-10.232811514922831,10.232811514922831,1107.4879463025775,863.3468550285583,4.60613
RL,-33.906573505482584,33.906573505482584,1139.444382928533,748.0179351121469,8.008209
