Controller,Avg Reward,Avg Cost,Avg Energy Bought,Avg Energy Sold,Avg Battery SoC
Rule-Based,-80.61600303086841,80.61600303086841,2554.076487825431,1763.2630518612857,2.3268335
Forecast,-66.0731974073562,66.0731974073562,2546.251528352557,1847.7447219316066,0.9709401
RL,-82.64952305346203,82.64952305346203,2585.8098942054908,1764.170782558049,8.452948
