Controller,Avg Reward,Avg Cost,Avg Energy Bought,Avg Energy Sold,Avg Battery SoC
Rule-Based,-46.91533820479058,46.91533820479058,2527.8169775307038,2005.2902080049798,2.4326434
Forecast,-44.21337095898661,44.21337095898661,2526.2353949819667,2003.5821343498358,0.9744449
RL,-42.51160194335852,42.51160194335852,2544.383941599055,2029.9598054772302,8.486273
